<?xml version="1.0" encoding="UTF-8" ?>
<VIRTUAL_DIR>
  <virtual_files>
    <OBJECT>
      <name val="crbst_6grisclair.png"/>
      <v_name val="6grisclair.png"/>
      <v_path val="Image import (47dd)/"/>
      <crc val="b6a3"/>
    </OBJECT>
    <OBJECT>
      <name val="crbst_SANY0408t.jpg"/>
      <v_name val="SANY0408t.jpg"/>
      <v_path val="Image import (47dd)/"/>
      <crc val="e3d6"/>
    </OBJECT>
    <OBJECT>
      <name val="crbst_SANY0589t.jpg"/>
      <v_name val="SANY0589t.jpg"/>
      <v_path val="Image import (47dd)/"/>
      <crc val="b27e"/>
    </OBJECT>
    <OBJECT>
      <name val="AST196.jpg"/>
      <v_name val="AST196.jpg"/>
      <v_path val="Image import (47dd)/"/>
      <crc val="4188"/>
    </OBJECT>
    <OBJECT>
      <name val="AST178.jpg"/>
      <v_name val="AST178.jpg"/>
      <v_path val="Image import (47dd)/"/>
      <crc val="7d14"/>
    </OBJECT>
    <OBJECT>
      <name val="AST189.jpg"/>
      <v_name val="AST189.jpg"/>
      <v_path val="Image import (47dd)/"/>
      <crc val="96a1"/>
    </OBJECT>
    <OBJECT>
      <name val="AST190.jpg"/>
      <v_name val="AST190.jpg"/>
      <v_path val="Image import (47dd)/"/>
      <crc val="1e81"/>
    </OBJECT>
    <OBJECT>
      <name val="AST178.png"/>
      <v_name val="AST178.png"/>
      <v_path val="Image import (47dd)/"/>
      <crc val="dc46"/>
    </OBJECT>
    <OBJECT>
      <name val="AST1890.jpg"/>
      <v_name val="AST189.jpg"/>
      <v_path val="Image import (47dd)/"/>
      <crc val="a078"/>
    </OBJECT>
    <OBJECT>
      <name val="AST1900.jpg"/>
      <v_name val="AST190.jpg"/>
      <v_path val="Image import (47dd)/"/>
      <crc val="c8f8"/>
    </OBJECT>
    <OBJECT>
      <name val="crbst_background.png"/>
      <v_name val="background.png"/>
      <crc val="4cad"/>
    </OBJECT>
    <OBJECT>
      <name val="crbst_import0.jpg"/>
      <v_name val="import0.jpg"/>
      <crc val="5491"/>
    </OBJECT>
    <OBJECT>
      <name val="crbst_SANY02200.jpg"/>
      <v_name val="SANY0220.jpg"/>
      <v_path val="Image import (8dc6)/"/>
      <crc val="4e15"/>
    </OBJECT>
    <OBJECT>
      <name val="crbst_SANY02201.jpg"/>
      <v_name val="SANY0220.jpg"/>
      <v_path val="Image import (8dc6)/"/>
      <crc val="8a0e"/>
    </OBJECT>
    <OBJECT>
      <name val="crbst_SANY022056.jpg"/>
      <v_name val="SANY022056.jpg"/>
      <v_path val="Image import (8dc6)/"/>
      <crc val="47b9"/>
    </OBJECT>
    <OBJECT>
      <name val="crbst_SANY0589bis2.jpg"/>
      <v_name val="SANY0589bis2.jpg"/>
      <v_path val="Image import (8dc6)/"/>
      <crc val="c152"/>
    </OBJECT>
    <OBJECT>
      <name val="crbst_SANY073454.jpg"/>
      <v_name val="SANY073454.jpg"/>
      <v_path val="Image import (8dc6)/"/>
      <crc val="b04e"/>
    </OBJECT>
    <OBJECT>
      <name val="crbst_SANY09420.jpg"/>
      <v_name val="SANY0942.jpg"/>
      <v_path val="Image import (8dc6)/"/>
      <crc val="1d5d"/>
    </OBJECT>
    <OBJECT>
      <name val="Cur2.png"/>
      <v_name val="Cur2.png"/>
      <v_path val="charts/"/>
      <crc val="e4ac"/>
    </OBJECT>
    <OBJECT>
      <name val="DrvCur.png"/>
      <v_name val="DrvCur.png"/>
      <v_path val="charts/"/>
      <crc val="ea6c"/>
    </OBJECT>
    <OBJECT>
      <name val="Enc.png"/>
      <v_name val="Enc.png"/>
      <v_path val="charts/"/>
      <crc val="d945"/>
    </OBJECT>
    <OBJECT>
      <name val="Focus.png"/>
      <v_name val="Focus.png"/>
      <v_path val="charts/"/>
      <crc val="3f6c"/>
    </OBJECT>
    <OBJECT>
      <name val="RMS.png"/>
      <v_name val="RMS.png"/>
      <v_path val="charts/"/>
      <crc val="99a0"/>
    </OBJECT>
    <OBJECT>
      <name val="Tempr.png"/>
      <v_name val="Tempr.png"/>
      <v_path val="charts/"/>
      <crc val="48e6"/>
    </OBJECT>
    <OBJECT>
      <name val="Tempr_grad.png"/>
      <v_name val="Tempr_grad.png"/>
      <v_path val="charts/"/>
      <crc val="4029"/>
    </OBJECT>
    <OBJECT>
      <name val="Tempr_PwrBox.png"/>
      <v_name val="Tempr_PwrBox.png"/>
      <v_path val="charts/"/>
      <crc val="1d91"/>
    </OBJECT>
    <OBJECT>
      <name val="UI.png"/>
      <v_name val="UI.png"/>
      <v_path val="charts/"/>
      <crc val="e592"/>
    </OBJECT>
    <OBJECT>
      <name val="VOL2.png"/>
      <v_name val="VOL2.png"/>
      <v_path val="charts/"/>
      <crc val="1745"/>
    </OBJECT>
  </virtual_files>
</VIRTUAL_DIR>
